<application>
  <component name="GeneralSettings">
    <option name="autoSaveIfInactive" value="true" />
    <option name="confirmExit" value="false" />
    <option name="defaultProjectDirectory" value="D:\dev_project\dev_space\data_spell_workspace\default_workspace" />
    <option name="inactiveTimeout" value="2" />
    <option name="reopenLastProject" value="false" />
    <option name="showWelcomeScreen" value="false" />
  </component>
  <component name="Registry">
    <entry key="python.scientific.show_help_window" value="false" />
    <entry key="python.scientific.always_use_sci_view" value="true" />
  </component>
  <component name="StatusBar">
    <option name="widgets">
      <map>
        <entry key="Memory" value="true" />
      </map>
    </option>
  </component>
</application>