<application>
  <component name="GeneralSettings">
    <option name="autoSaveIfInactive" value="true" />
    <option name="confirmExit" value="false" />
    <option name="defaultProjectDirectory" value="D:\dev_project" />
    <option name="inactiveTimeout" value="2" />
    <option name="reopenLastProject" value="false" />
  </component>
  <component name="StatusBar">
    <option name="widgets">
      <map>
        <entry key="Memory" value="true" />
        <entry key="PowerSaveMode" value="true" />
      </map>
    </option>
  </component>
</application>