<application>
  <component name="AdvancedSettings">
    <option name="settings">
      <map>
        <entry key="documentation.components.enable.highlighting.of.links" value="true" />
        <entry key="documentation.components.enable.inline.code.highlighting" value="true" />
        <entry key="markdown.hide.floating.toolbar" value="true" />
        <entry key="start.run.configurations.pinned" value="true" />
        <entry key="temporary.configurations.limit" value="0" />
      </map>
    </option>
  </component>
</application>