<application>
  <component name="com.intellij.ide.ui.customization.CustomActionsSchema">
    <group value="ExternalToolsGroup" is_group="true" action_type="-1" position="32">
      <path value="root" />
      <path value="Project View Popup Menu" />
      <option name="myInitialPosition" value="-1" />
    </group>
    <group value="ExternalToolsGroup" is_group="true" action_type="-1" position="32">
      <path value="Project View Popup Menu" />
      <option name="myInitialPosition" value="-1" />
    </group>
    <group value="CompareFileWithEditor" is_action="true" action_type="-1" position="30">
      <path value="root" />
      <path value="Project View Popup Menu" />
      <option name="myInitialPosition" value="-1" />
    </group>
    <group value="CompareFileWithEditor" is_action="true" action_type="-1" position="30">
      <path value="Project View Popup Menu" />
      <option name="myInitialPosition" value="-1" />
    </group>
    <group value="ExternalToolsGroup" is_group="true" action_type="-1" position="30">
      <path value="root" />
      <path value="Favorites View Popup Menu" />
      <option name="myInitialPosition" value="-1" />
    </group>
    <group value="CompareTwoFiles" is_action="true" action_type="-1" position="29">
      <path value="root" />
      <path value="Project View Popup Menu" />
      <option name="myInitialPosition" value="-1" />
    </group>
    <group value="CompareTwoFiles" is_action="true" action_type="-1" position="29">
      <path value="Project View Popup Menu" />
      <option name="myInitialPosition" value="-1" />
    </group>
    <group value="CompareFileWithEditor" is_action="true" action_type="-1" position="28">
      <path value="root" />
      <path value="Favorites View Popup Menu" />
      <option name="myInitialPosition" value="-1" />
    </group>
    <group value="CompareTwoFiles" is_action="true" action_type="-1" position="27">
      <path value="root" />
      <path value="Favorites View Popup Menu" />
      <option name="myInitialPosition" value="-1" />
    </group>
    <group value="SynchronizeCurrentFile" is_action="true" action_type="-1" position="25">
      <path value="root" />
      <path value="Project View Popup Menu" />
      <option name="myInitialPosition" value="-1" />
    </group>
    <group value="SynchronizeCurrentFile" is_action="true" action_type="-1" position="25">
      <path value="Project View Popup Menu" />
      <option name="myInitialPosition" value="-1" />
    </group>
    <group value="ShowFilePath" is_action="true" action_type="-1" position="25">
      <path value="root" />
      <path value="Favorites View Popup Menu" />
      <option name="myInitialPosition" value="-1" />
    </group>
    <group value="ExternalToolsGroup" is_group="true" action_type="-1" position="25">
      <path value="root" />
      <path value="Navigation Bar Popup Menu" />
      <option name="myInitialPosition" value="-1" />
    </group>
    <group value="CompareClipboardWithSelection" is_action="true" action_type="-1" position="24">
      <path value="root" />
      <path value="Editor Popup Menu" />
      <option name="myInitialPosition" value="-1" />
    </group>
    <group value="SynchronizeCurrentFile" is_action="true" action_type="-1" position="23">
      <path value="root" />
      <path value="Favorites View Popup Menu" />
      <option name="myInitialPosition" value="-1" />
    </group>
    <group value="SynchronizeCurrentFile" is_action="true" action_type="-1" position="23">
      <path value="root" />
      <path value="Navigation Bar Popup Menu" />
      <option name="myInitialPosition" value="-1" />
    </group>
    <group value="EscapeEntities" is_action="true" action_type="-1" position="18">
      <path value="Edit" />
      <option name="myInitialPosition" value="-1" />
    </group>
    <group value="AddToFavorites" is_group="true" action_type="-1" position="17">
      <path value="File" />
      <option name="myInitialPosition" value="-1" />
    </group>
    <group value="popup@ExpandableBookmarkContextMenu" is_group="true" action_type="-1" position="17">
      <path value="root" />
      <path value="Project View Popup Menu" />
      <option name="myInitialPosition" value="-1" />
    </group>
    <group value="popup@ExpandableBookmarkContextMenu" is_group="true" action_type="-1" position="17">
      <path value="Project View Popup Menu" />
      <option name="myInitialPosition" value="-1" />
    </group>
    <group value="ChangeSplitOrientation" is_action="true" action_type="-1" position="16">
      <path value="Editor Tabs" />
      <option name="myInitialPosition" value="-1" />
    </group>
    <group value="AddToFavorites" is_group="true" action_type="-1" position="16">
      <path value="root" />
      <path value="Navigation Bar Popup Menu" />
      <option name="myInitialPosition" value="-1" />
    </group>
    <group value="EditBookmarksGroup" is_group="true" action_type="-1" position="15">
      <path value="Edit" />
      <option name="myInitialPosition" value="-1" />
    </group>
    <group value="ChangeSplitOrientation" is_action="true" action_type="-1" position="15">
      <path value="root" />
      <path value="Editor Tab Popup Menu" />
      <option name="myInitialPosition" value="-1" />
    </group>
    <group value="CleanPyc" is_action="true" action_type="-1" position="15">
      <path value="root" />
      <path value="Project View Popup Menu" />
      <option name="myInitialPosition" value="-1" />
    </group>
    <group value="CleanPyc" is_action="true" action_type="-1" position="15">
      <path value="Project View Popup Menu" />
      <option name="myInitialPosition" value="-1" />
    </group>
    <group value="AddToFavorites" is_group="true" action_type="-1" position="15">
      <path value="root" />
      <path value="Favorites View Popup Menu" />
      <option name="myInitialPosition" value="-1" />
    </group>
    <group value="Macros" is_group="true" action_type="-1" position="14">
      <path value="Edit" />
      <option name="myInitialPosition" value="-1" />
    </group>
    <group value="EvaluateExpression" is_action="true" action_type="-1" position="14">
      <path value="Debugging Actions" />
      <option name="myInitialPosition" value="-1" />
    </group>
    <group value="ChangesView.ApplyPatch" is_action="true" action_type="-1" position="14">
      <path value="VCS Group" />
      <option name="myInitialPosition" value="-1" />
    </group>
    <group value="OpenEditorInOppositeTabGroup" is_action="true" action_type="-1" position="14">
      <path value="root" />
      <path value="Editor Tab Popup Menu" />
      <option name="myInitialPosition" value="-1" />
    </group>
    <group value="QuickChangeScheme" is_action="true" action_type="-1" position="13">
      <path value="View" />
      <option name="myInitialPosition" value="-1" />
    </group>
    <group value="HierarchyGroup" is_group="true" action_type="-1" position="13">
      <path value="Goto by Reference Actions" />
      <option name="myInitialPosition" value="-1" />
    </group>
    <group value="FoldingGroup" is_group="true" action_type="-1" position="13">
      <path value="Code" />
      <option name="myInitialPosition" value="-1" />
    </group>
    <group value="MoveEditorToOppositeTabGroup" is_action="true" action_type="-1" position="13">
      <path value="root" />
      <path value="Editor Tab Popup Menu" />
      <option name="myInitialPosition" value="-1" />
    </group>
    <group value="ValidateXml" is_action="true" action_type="-1" position="13">
      <path value="Editor Tab Popup Menu Actions (1)" />
      <option name="myInitialPosition" value="-1" />
    </group>
    <group value="ShowFilePath" is_action="true" action_type="-1" position="12">
      <path value="Goto by Reference Actions" />
      <option name="myInitialPosition" value="-1" />
    </group>
    <group value="MoveTabDown" is_action="true" action_type="-1" position="12">
      <path value="root" />
      <path value="Editor Tab Popup Menu" />
      <option name="myInitialPosition" value="-1" />
    </group>
    <group value="ExternalToolsGroup" is_group="true" action_type="-1" position="12">
      <path value="Editor Tab Popup Menu Actions (1)" />
      <option name="myInitialPosition" value="-1" />
    </group>
    <group value="CompareActions" is_group="true" action_type="-1" position="11">
      <path value="View" />
      <option name="myInitialPosition" value="-1" />
    </group>
    <group value="JumpToNextChange" is_action="true" action_type="-1" position="11">
      <path value="Navigate" />
      <option name="myInitialPosition" value="-1" />
    </group>
    <group value="Pause" is_action="true" action_type="-1" position="11">
      <path value="Debugging Actions" />
      <option name="myInitialPosition" value="-1" />
    </group>
    <group value="MoveTabDown" is_action="true" action_type="-1" position="11">
      <path value="Editor Tabs" />
      <option name="myInitialPosition" value="-1" />
    </group>
    <group value="WindowMenu" is_group="true" action_type="-1" position="10">
      <path value="root" />
      <path value="Main Menu" />
      <option name="myInitialPosition" value="-1" />
    </group>
    <group value="ConvertIndentsGroup" is_group="true" action_type="-1" position="10">
      <path value="Edit Code Actions" />
      <option name="myInitialPosition" value="-1" />
    </group>
    <group value="JumpToLastChange" is_action="true" action_type="-1" position="10">
      <path value="Navigate" />
      <option name="myInitialPosition" value="-1" />
    </group>
    <group value="MoveTabRight" is_action="true" action_type="-1" position="10">
      <path value="root" />
      <path value="Editor Tab Popup Menu" />
      <option name="myInitialPosition" value="-1" />
    </group>
    <group value="GoToEditPointGroup" is_group="true" action_type="-1" position="9">
      <path value="Navigate" />
      <option name="myInitialPosition" value="-1" />
    </group>
    <group value="GotoRelated" is_action="true" action_type="-1" position="9">
      <path value="Goto by Reference Actions" />
      <option name="myInitialPosition" value="-1" />
    </group>
    <group value="ExternalToolsGroup" is_group="true" action_type="-1" position="9">
      <path value="Tools" />
      <option name="myInitialPosition" value="-1" />
    </group>
    <group value="MoveTabRight" is_action="true" action_type="-1" position="9">
      <path value="Editor Tabs" />
      <option name="myInitialPosition" value="-1" />
    </group>
    <group value="ExternalToolsGroup" is_group="true" action_type="-1" position="9">
      <path value="Editor Popup Menu Actions (2)" />
      <option name="myInitialPosition" value="-1" />
    </group>
    <group value="EvaluateExpression" is_action="true" action_type="-1" position="9">
      <path value="root" />
      <path value="Debug Tool Window Top Toolbar" />
      <option name="myInitialPosition" value="-1" />
    </group>
    <group value="ToolsMenu" is_group="true" action_type="-1" position="8">
      <path value="root" />
      <path value="Main Menu" />
      <option name="myInitialPosition" value="-1" />
    </group>
    <group value="Synchronize" is_action="true" action_type="-1" position="8">
      <path value="File" />
      <option name="myInitialPosition" value="-1" />
    </group>
    <group value="GoToErrorGroup" is_group="true" action_type="-1" position="8">
      <path value="Navigate" />
      <option name="myInitialPosition" value="-1" />
    </group>
    <group value="GotoTest" is_action="true" action_type="-1" position="8">
      <path value="Goto by Reference Actions" />
      <option name="myInitialPosition" value="-1" />
    </group>
    <group value="RunMenu" is_group="true" action_type="-1" position="7">
      <path value="root" />
      <path value="Main Menu" />
      <option name="myInitialPosition" value="-1" />
    </group>
    <group value="SaveAll" is_action="true" action_type="-1" position="7">
      <path value="File" />
      <option name="myInitialPosition" value="-1" />
    </group>
    <group value="ChangesView.ApplyPatch" is_action="true" action_type="-1" position="7">
      <path value="root" />
      <path value="Project View Popup Menu" />
      <option name="myInitialPosition" value="-1" />
    </group>
    <group value="ChangesView.ApplyPatch" is_action="true" action_type="-1" position="7">
      <path value="Project View Popup Menu" />
      <option name="myInitialPosition" value="-1" />
    </group>
    <group value="ChangeLineSeparators" is_group="true" action_type="-1" position="6">
      <path value="File Properties" />
      <option name="myInitialPosition" value="-1" />
    </group>
    <group value="GoToChangeMarkerGroup" is_group="true" action_type="-1" position="6">
      <path value="Navigate in File" />
      <option name="myInitialPosition" value="-1" />
    </group>
    <group value="GotoTypeDeclaration" is_action="true" action_type="-1" position="6">
      <path value="Goto by Reference Actions" />
      <option name="myInitialPosition" value="-1" />
    </group>
    <group value="CopyAsRichText" is_action="true" action_type="-1" position="6">
      <path value="root" />
      <path value="Editor Popup Menu" />
      <option name="myInitialPosition" value="-1" />
    </group>
    <group value="GotoTest" is_action="true" action_type="-1" position="6">
      <path value="Go To" />
      <option name="myInitialPosition" value="-1" />
    </group>
    <group value="XDebugger.MuteBreakpoints" is_action="true" action_type="-1" position="6">
      <path value="root" />
      <path value="Debug Tool Window Left Toolbar" />
      <option name="myInitialPosition" value="-1" />
    </group>
    <group value="RefactoringMenu" is_group="true" action_type="-1" position="5">
      <path value="root" />
      <path value="Main Menu" />
      <option name="myInitialPosition" value="-1" />
    </group>
    <group value="ToggleReadOnlyAttribute" is_action="true" action_type="-1" position="5">
      <path value="File Properties" />
      <option name="myInitialPosition" value="-1" />
    </group>
    <group value="RecentChanges" is_action="true" action_type="-1" position="5">
      <path value="View Recent Actions Group" />
      <option name="myInitialPosition" value="-1" />
    </group>
    <group value="GotoCustomRegion" is_action="true" action_type="-1" position="5">
      <path value="Navigate in File" />
      <option name="myInitialPosition" value="-1" />
    </group>
    <group value="GotoRelated" is_action="true" action_type="-1" position="5">
      <path value="Go To" />
      <option name="myInitialPosition" value="-1" />
    </group>
    <group value="AddAllToFavorites" is_group="true" action_type="-1" position="5">
      <path value="Editor Tab Popup Menu Actions (1)" />
      <option name="myInitialPosition" value="-1" />
    </group>
    <group value="ChangesView.ApplyPatch" is_action="true" action_type="-1" position="5">
      <path value="root" />
      <path value="Favorites View Popup Menu" />
      <option name="myInitialPosition" value="-1" />
    </group>
    <group value="ChangesView.ApplyPatch" is_action="true" action_type="-1" position="5">
      <path value="root" />
      <path value="Navigation Bar Popup Menu" />
      <option name="myInitialPosition" value="-1" />
    </group>
    <group value="ViewBreakpoints" is_action="true" action_type="-1" position="5">
      <path value="root" />
      <path value="Debug Tool Window Left Toolbar" />
      <option name="myInitialPosition" value="-1" />
    </group>
    <group value="CopyAsRichText" is_action="true" action_type="-1" position="4">
      <path value="Cut/Copy/Paste Actions" />
      <option name="myInitialPosition" value="-1" />
    </group>
    <group value="ShowErrorDescription" is_action="true" action_type="-1" position="4">
      <path value="Code View Actions" />
      <option name="myInitialPosition" value="-1" />
    </group>
    <group value="TemplateParametersNavigation" is_group="true" action_type="-1" position="4">
      <path value="Navigate in File" />
      <option name="myInitialPosition" value="-1" />
    </group>
    <group value="CloseAllUnpinnedEditors" is_action="true" action_type="-1" position="4">
      <path value="Editor Close Actions" />
      <option name="myInitialPosition" value="-1" />
    </group>
    <group value="AddToFavorites" is_group="true" action_type="-1" position="4">
      <path value="Editor Tab Popup Menu Actions (1)" />
      <option name="myInitialPosition" value="-1" />
    </group>
    <group value="SaveAs" is_action="true" action_type="-1" position="3">
      <path value="File Open Actions" />
      <option name="myInitialPosition" value="-1" />
    </group>
    <group value="CopyAsPlainText" is_action="true" action_type="-1" position="3">
      <path value="Cut/Copy/Paste Actions" />
      <option name="myInitialPosition" value="-1" />
    </group>
    <group value="CopyReference" is_action="true" action_type="-1" position="3">
      <path value="Copy Path/Reference..." />
      <option name="myInitialPosition" value="-1" />
    </group>
    <group value="FillParagraph" is_action="true" action_type="-1" position="3">
      <path value="Edit Code Actions" />
      <option name="myInitialPosition" value="-1" />
    </group>
    <group value="EditorContextInfo" is_action="true" action_type="-1" position="3">
      <path value="Code View Actions" />
      <option name="myInitialPosition" value="-1" />
    </group>
    <group value="ViewBreakpoints" is_action="true" action_type="-1" position="3">
      <path value="Debugger Actions" />
      <option name="myInitialPosition" value="-1" />
    </group>
    <group value="CloseAllUnmodifiedEditors" is_action="true" action_type="-1" position="3">
      <path value="Editor Close Actions" />
      <option name="myInitialPosition" value="-1" />
    </group>
    <group value="FoldingGroup" is_group="true" action_type="-1" position="3">
      <path value="EditorPopupMenu1.FindRefactor" />
      <option name="myInitialPosition" value="-1" />
    </group>
    <group value="GotoTypeDeclaration" is_action="true" action_type="-1" position="3">
      <path value="Go To" />
      <option name="myInitialPosition" value="-1" />
    </group>
    <group value="CopyReference" is_action="true" action_type="-1" position="3">
      <path value="root" />
      <path value="Editor Tab Popup Menu" />
      <option name="myInitialPosition" value="-1" />
    </group>
    <group value="EditorPasteSimple" is_action="true" action_type="-1" position="2">
      <path value="Paste" />
      <option name="myInitialPosition" value="-1" />
    </group>
    <group value="ExpressionTypeInfo" is_action="true" action_type="-1" position="2">
      <path value="Code View Actions" />
      <option name="myInitialPosition" value="-1" />
    </group>
    <group value="Generate" is_action="true" action_type="-1" position="2">
      <path value="Code" />
      <option name="myInitialPosition" value="-1" />
    </group>
    <group value="Synchronize" is_action="true" action_type="-1" position="2">
      <path value="root" />
      <path value="Main Toolbar" />
      <option name="myInitialPosition" value="-1" />
    </group>
    <group value="EditorPasteSimple" is_action="true" action_type="-1" position="2">
      <path value="Copy / Paste Special" />
      <option name="myInitialPosition" value="-1" />
    </group>
    <group value="Generate" is_action="true" action_type="-1" position="2">
      <path value="Editor Popup Menu Actions (2)" />
      <option name="myInitialPosition" value="-1" />
    </group>
    <group value="Pause" is_action="true" action_type="-1" position="2">
      <path value="root" />
      <path value="Debug Tool Window Left Toolbar" />
      <option name="myInitialPosition" value="-1" />
    </group>
    <group value="EditorJoinLines" is_action="true" action_type="-1" position="1">
      <path value="Edit Code Actions" />
      <option name="myInitialPosition" value="-1" />
    </group>
    <group value="SelectIn" is_action="true" action_type="-1" position="1">
      <path value="Goto by Reference Actions" />
      <option name="myInitialPosition" value="-1" />
    </group>
    <group value="ChangesView.ApplyPatch" is_action="true" action_type="-1" position="1">
      <path value="Patch" />
      <option name="myInitialPosition" value="-1" />
    </group>
    <group value="PreviousTab" is_action="true" action_type="-1" position="1">
      <path value="Editor Tabs" />
      <option name="myInitialPosition" value="-1" />
    </group>
    <group value="CloseAllEditorsButActive" is_action="true" action_type="-1" position="1">
      <path value="Editor Close Actions" />
      <option name="myInitialPosition" value="-1" />
    </group>
    <group value="SaveAll" is_action="true" action_type="-1" position="1">
      <path value="root" />
      <path value="Main Toolbar" />
      <option name="myInitialPosition" value="-1" />
    </group>
    <group value="CopyAsPlainText" is_action="true" action_type="-1" position="1">
      <path value="Copy / Paste Special" />
      <option name="myInitialPosition" value="-1" />
    </group>
    <group value="EvaluateExpression" is_action="true" action_type="-1" position="1">
      <path value="Debug Actions" />
      <option name="myInitialPosition" value="-1" />
    </group>
    <group value="ShowFilePath" is_action="true" action_type="-1" position="1">
      <path value="Open In" />
      <option name="myInitialPosition" value="-1" />
    </group>
    <group value="ValidateXml" is_action="true" action_type="-1" position="1">
      <path value="Compile/Run Actions" />
      <option name="myInitialPosition" value="-1" />
    </group>
    <group value="ValidateXml" is_action="true" action_type="-1" position="1">
      <path value="Project View Popup Refactoring Group" />
      <option name="myInitialPosition" value="-1" />
    </group>
    <group value="ChangeFileEncodingAction" is_action="true" action_type="-1" position="0">
      <path value="File Properties" />
      <option name="myInitialPosition" value="-1" />
    </group>
    <group value="TemplateProjectProperties" is_action="true" action_type="-1" position="0">
      <path value="New Projects Setup" />
      <option name="myInitialPosition" value="-1" />
    </group>
    <group value="ExportToHTML" is_action="true" action_type="-1" position="0">
      <path value="Export" />
      <option name="myInitialPosition" value="-1" />
    </group>
    <group value="EditorToggleCase" is_action="true" action_type="-1" position="0">
      <path value="Edit Code Actions" />
      <option name="myInitialPosition" value="-1" />
    </group>
    <group value="ValidateXml" is_action="true" action_type="-1" position="0">
      <path value="XML Actions" />
      <option name="myInitialPosition" value="-1" />
    </group>
    <group value="NextTab" is_action="true" action_type="-1" position="0">
      <path value="Editor Tabs" />
      <option name="myInitialPosition" value="-1" />
    </group>
    <group value="CopyReference" is_action="true" action_type="-1" position="0">
      <path value="Copy / Paste Special" />
      <option name="myInitialPosition" value="-1" />
    </group>
    <group value="NewHtmlFile" is_action="true" action_type="-1" position="0">
      <path value="XML" />
      <option name="myInitialPosition" value="-1" />
    </group>
  </component>
</application>